name,description,price,category,status,stock,images,tags
"Mega Pack 01: Cursos Dise√±o Gr√°fico","Colecci√≥n completa de m√°s de 100 cursos profesionales de dise√±o gr√°fico. Incluye Adobe Photoshop, Illustrator, InDesign, CorelDRAW, dise√±o de logos, branding, tipograf√≠a, teor√≠a del color y mucho m√°s. Acceso de por vida.",20000,Megapacks,AVAILABLE,999,"https://i.ibb.co/TU-IMAGEN-MEGAPACK-20MIL/megapack-diseno.jpg","megapack, dise√±o, grafico, photoshop, illustrator, digital, cursos, nequi:3042748687, payco:https://checkout.payco.co/TU-LINK-MEGAPACK-20MIL"
"Mega Pack 02: Cursos Programaci√≥n Web","M√°s de 150 cursos de desarrollo web completo. HTML, CSS, JavaScript, React, Node.js, Python, PHP, bases de datos, APIs y frameworks modernos. Desde principiante hasta avanzado.",20000,Megapacks,AVAILABLE,999,"https://i.ibb.co/TU-IMAGEN-MEGAPACK-20MIL/megapack-programacion.jpg","megapack, programacion, web, javascript, react, nodejs, python, digital, cursos, nequi:3042748687, payco:https://checkout.payco.co/TU-LINK-MEGAPACK-20MIL"
"Mega Pack 03: Cursos Marketing Digital","Colecci√≥n de 120+ cursos de marketing digital y redes sociales. SEO, SEM, Facebook Ads, Instagram Marketing, Google Ads, email marketing, copywriting, anal√≠tica web y estrategias de contenido.",20000,Megapacks,AVAILABLE,999,"https://i.ibb.co/TU-IMAGEN-MEGAPACK-20MIL/megapack-marketing.jpg","megapack, marketing, digital, seo, redes sociales, publicidad, cursos, nequi:3042748687, payco:https://checkout.payco.co/TU-LINK-MEGAPACK-20MIL"
"Mega Pack 04: Cursos Edici√≥n de Video","M√°s de 100 cursos profesionales de edici√≥n de video. Adobe Premiere Pro, After Effects, Final Cut Pro, DaVinci Resolve, animaci√≥n, efectos especiales, color grading y producci√≥n audiovisual.",20000,Megapacks,AVAILABLE,999,"https://i.ibb.co/TU-IMAGEN-MEGAPACK-20MIL/megapack-video.jpg","megapack, video, edicion, premiere, after effects, animacion, cursos, nequi:3042748687, payco:https://checkout.payco.co/TU-LINK-MEGAPACK-20MIL"
"Mega Pack 05: Cursos Excel y Office","Colecci√≥n completa de cursos de Microsoft Office. Excel avanzado, macros, VBA, Power BI, Word, PowerPoint, Access, automatizaci√≥n y an√°lisis de datos profesional.",20000,Megapacks,AVAILABLE,999,"https://i.ibb.co/TU-IMAGEN-MEGAPACK-20MIL/megapack-excel.jpg","megapack, excel, office, microsoft, powerbi, datos, cursos, nequi:3042748687, payco:https://checkout.payco.co/TU-LINK-MEGAPACK-20MIL"
"Mega Pack 06: Cursos Fotograf√≠a","M√°s de 80 cursos de fotograf√≠a profesional. T√©cnicas de iluminaci√≥n, composici√≥n, retoque fotogr√°fico, Lightroom, fotograf√≠a de producto, retrato, paisaje y fotograf√≠a comercial.",20000,Megapacks,AVAILABLE,999,"https://i.ibb.co/TU-IMAGEN-MEGAPACK-20MIL/megapack-fotografia.jpg","megapack, fotografia, lightroom, retoque, camara, digital, cursos, nequi:3042748687, payco:https://checkout.payco.co/TU-LINK-MEGAPACK-20MIL"
"Mega Pack 07: Cursos Emprendimiento","Colecci√≥n de 100+ cursos para emprendedores. Creaci√≥n de negocios, finanzas, ventas, liderazgo, productividad, dropshipping, e-commerce, Amazon FBA y modelos de negocio digitales.",20000,Megapacks,AVAILABLE,999,"https://i.ibb.co/TU-IMAGEN-MEGAPACK-20MIL/megapack-emprendimiento.jpg","megapack, emprendimiento, negocios, ventas, ecommerce, dropshipping, cursos, nequi:3042748687, payco:https://checkout.payco.co/TU-LINK-MEGAPACK-20MIL"
"Mega Pack 08: Cursos Idiomas","M√°s de 90 cursos de idiomas. Ingl√©s, franc√©s, alem√°n, italiano, portugu√©s, chino, japon√©s. Desde nivel b√°sico hasta avanzado con material audiovisual y ejercicios pr√°cticos.",20000,Megapacks,AVAILABLE,999,"https://i.ibb.co/TU-IMAGEN-MEGAPACK-20MIL/megapack-idiomas.jpg","megapack, idiomas, ingles, frances, aleman, lenguajes, cursos, nequi:3042748687, payco:https://checkout.payco.co/TU-LINK-MEGAPACK-20MIL"
"Mega Pack 09: Cursos M√∫sica y Audio","Colecci√≥n de 110+ cursos de producci√≥n musical. FL Studio, Ableton Live, Logic Pro, mezcla, masterizaci√≥n, teor√≠a musical, composici√≥n, piano, guitarra y producci√≥n de beats.",20000,Megapacks,AVAILABLE,999,"https://i.ibb.co/TU-IMAGEN-MEGAPACK-20MIL/megapack-musica.jpg","megapack, musica, audio, produccion, flstudio, ableton, cursos, nequi:3042748687, payco:https://checkout.payco.co/TU-LINK-MEGAPACK-20MIL"
"Mega Pack 10: Cursos 3D y Animaci√≥n","M√°s de 95 cursos de modelado 3D y animaci√≥n. Blender, Maya, 3ds Max, Cinema 4D, ZBrush, animaci√≥n de personajes, arquitectura 3D, efectos visuales y renderizado.",20000,Megapacks,AVAILABLE,999,"https://i.ibb.co/TU-IMAGEN-MEGAPACK-20MIL/megapack-3d.jpg","megapack, 3d, animacion, blender, maya, modelado, cursos, nequi:3042748687, payco:https://checkout.payco.co/TU-LINK-MEGAPACK-20MIL"
"Mega Pack PREMIUM: Colecci√≥n Completa 40 Megapacks","üéÅ OFERTA ESPECIAL: Todos los 40 megapacks en un solo paquete. M√°s de 4,000 cursos profesionales en todas las categor√≠as: dise√±o, programaci√≥n, marketing, video, fotograf√≠a, m√∫sica, idiomas, emprendimiento, finanzas, salud, fitness y mucho m√°s. Acceso de por vida a todo el contenido. ¬°Ahorra m√°s del 90%!",60000,Megapacks,AVAILABLE,999,"https://i.ibb.co/TU-IMAGEN-MEGAPACK-60MIL/megapack-premium-40.jpg","megapack, premium, completo, 40 megapacks, todos, coleccion, oferta, digital, cursos, nequi:3042748687, payco:https://checkout.payco.co/TU-LINK-MEGAPACK-60MIL"
"Moto Bajaj Pulsar NS 160 FI (2020)","üèçÔ∏è Motocicleta deportiva en excelente estado. Motor 160cc con inyecci√≥n electr√≥nica, frenos ABS, tablero digital completo, luces LED, suspensi√≥n deportiva. Ideal para ciudad y carretera. Papeles al d√≠a, SOAT vigente, revisi√≥n t√©cnico-mec√°nica. Color negro con detalles rojos. √önico due√±o, mantenimientos en concesionario oficial. Incluye casco y kit de herramientas. Lista para rodar.",6500000,Veh√≠culos,AVAILABLE,1,"https://i.ibb.co/TU-IMAGEN-MOTO/moto-bajaj-pulsar-ns160.jpg","moto, motocicleta, bajaj, pulsar, 160cc, deportiva, vehiculo, fisico, transporte, whatsapp:+573042748687, efectivo, negociable"
